ID,Address
HE5CAF8BAF,In the city
H0CCD91062,In the city
H49AFCD775,In the city
H70AEA9C2A,In the city
H7AB0B1885,In the city
H1CD5DE959,In the city
HCF080FFA6,In the city
H238985184,In the city
H55D7E3946,Out of city
H6D9864C97,In the city
H085011C20,Out of city
H30B680564,In the city
HF8852CF8B,In the city
H3E3B9891F,In the city
H4E7271666,In the city
HF32EF81C4,In the city
HE0D86BAF7,In the city
HB80FFDD89,In the city
HE3D4B56F9,Out of city
H1E06327B8,Out of city
H5A601C988,In the city
HD54553415,Out of city
HE0976DE0E,Out of province
HE5847594D,In the city
HCCAFE22A3,Out of city
H62E05DD4F,In the city
HE71C28AA1,In the city
H5BD110A54,In the city
H59F6085BF,In the city
HEAAF0D5FC,In the city
H1D1956E0A,In the city
H78168FF8F,In the city
H73136862A,Out of province
H700978049,In the city
H4D3CFDDFF,In the city
H606ADDAB5,Out of city
H984CFE8A8,In the city
H774668FFF,In the city
H96BE60365,In the city
H6246CFD6F,In the city
H12380A3ED,Out of city
H2ECC90216,In the city
HE2966D222,In the city
H8C1666BE2,In the city
HA594B8246,In the city
HF58868BB5,In the city
HA1C31CEE2,In the city
H81161D108,In the city
HFC5D60DC3,In the city
HE9DF7B7B5,In the city
H2ABC14306,In the city
H5D29A4419,Out of province
HD5E047E10,Out of province
HB6F2C9FB7,In the city
HB189B2A60,Out of city
H6606E6C78,In the city
H01241EFAF,In the city
HF153042B2,In the city
H0ABD32EBA,In the city
H928270E59,Out of province
H29F97B0C5,In the city
HA14F74608,In the city
H7CB56DE0C,Out of city
H5EF598BC8,In the city
HCEBD16755,Out of province
HEFF0F59E0,In the city
H1F0CDD03A,In the city
H495351C82,In the city
H693F6D2B5,In the city
H1B02587BA,In the city
HE462BDE1C,In the city
HE9586145F,In the city
HD0252A82F,In the city
H6C5ECF013,In the city
H177AD6DF3,Out of province
HC3C1F4B08,In the city
HA1C17C382,In the city
H7832682A2,In the city
H3EF72B46C,In the city
HA01519645,In the city
H6749D211B,Out of province
H4064555B8,In the city
H2053806E4,In the city
H5A9088BB1,In the city
HEF1AC8173,In the city
H9557011ED,In the city
HEBD6EDA14,In the city
H74F2C7D15,In the city
HFE11F9197,In the city
H022F4491D,In the city
HFD694D220,In the city
H97AECF122,In the city
H4B8535A0A,In the city
H71846347E,In the city
HA8C8EE515,In the city
H9E2D2803A,Out of city
H5DA32FE10,In the city
H6E6B3D7B9,In the city
H47055556F,In the city
H1DC5C1612,In the city
H7A1E95DD7,In the city
H59F44B0E7,Out of city
H277B8D935,In the city
H3175EF248,In the city
HD60B91E26,Out of city
HE1FD658C3,Out of province
H087A71FE2,In the city
H1DEDB1032,In the city
H7D64EB07B,Out of province
H04ABFCF70,Out of city
H7AE0F0F71,Out of city
H49F9001BF,In the city
H5869DA400,In the city
HD96F76D5D,In the city
HB754BFCE2,In the city
HCBAAEF7DC,Out of province
H068964852,In the city
HD68714296,In the city
H637C6B5BB,Out of city
HF72339EB0,In the city
H9AB04C388,In the city
H5A4302DE0,In the city
HEEBC536E9,Out of city
H018D36006,In the city
H430CB4C5A,In the city
H8BAB671E0,In the city
H093F1F728,In the city
HF32537186,Out of city
HB836396FB,Out of province
H390789C24,In the city
H14F8A63E2,In the city
H071DB7A66,In the city
H14B10992C,In the city
H5C92387F9,In the city
H2400426B3,In the city
H83B3C17D3,In the city
H7C38FA1D6,In the city
H5608D8362,In the city
HA637ED37C,Out of city
H86C5156FE,In the city
H02F50BAF0,In the city
H3AD024909,Out of province
HBC746EE41,In the city
H7BAE5A787,In the city
HAA47DA53B,Out of city
HBC9E7AE07,Out of province
H5B11D3495,In the city
H22558E4E6,In the city
HD6D21F5FC,In the city
H6BC4CF2B3,Out of city
H87CB1BEC5,Out of city
H589FDB6C4,In the city
H60A7DFF3B,Out of city
H4FB1FCE84,In the city
H91566B6B5,Out of city
HDD2561A13,In the city
H505D77451,Out of city
H22F5075C8,Out of city
HEF8328661,Out of city
HA477AB61A,Out of city
HA5DF8D1E4,Out of city
H6D3D366E4,Out of province
HD4EE80FB9,In the city
HECD70BD05,In the city
H8EC8328B9,Out of city
HE03CFAFD7,Out of city
H472D83543,Out of city
HE0A38AB59,In the city
H2B66E6FDE,Out of city
H4F2ECA2AE,Out of city
HB9D7D16D9,In the city
HF0A7FA538,In the city
HB08D14DCC,Out of city
H2B0ACC0FD,Out of city
HAD8D71D76,Out of province
HB584F75F1,In the city
HF2262B6C6,Out of province
HC1E3BDDE0,Out of city
H3A456F941,Out of province
H57A950502,Out of province
HF310BC606,Out of city
HF2C57852E,In the city
H21C2F40FE,In the city
H787EAFFD6,Out of city
H9E6466E87,Out of city
HC597BFC03,In the city
H5C728FEB9,Out of city
H66A720A8E,In the city
H6C8E86404,In the city
H399E80601,Out of province
H6BEE927E8,Out of city
H3CAC5B45F,In the city
H4F8D437A5,Out of province
HA3213AAEE,Out of city
H60B83F8C7,Out of province
HAFA6402C1,Out of city
HEA13DDC04,In the city
H8A31F87D3,In the city
H7602CB33F,Out of city
HE714A3ECF,In the city
H42E55CF73,In the city
HF113FE612,Out of city
H7602F1C9F,Out of city
H29B67E95A,Out of province
HBCC947604,In the city
H14C286320,Out of city
HE3D8FF691,Out of city
H7934EFF71,Out of city
HEF2AF4FD9,Out of city
H3271D4C61,In the city
H2FCD53739,Out of city
H717BEFB29,Out of city
H6D0859BBE,In the city
H454195506,In the city
H364D1CD46,Out of city
HA044E9638,Out of city
H37A445203,Out of city
H421CA0B54,Out of city
H45A50ECC6,Out of city
H105B66719,Out of city
H5AA1AE0E8,In the city
H75BC51A3E,Out of city
HF784814C4,Out of city
H80B67A25D,In the city
HBF0A9BDAC,In the city
H26AC2C3B2,In the city
H7BCE98D56,In the city
H79269A23F,Out of city
H32883F0CC,Out of province
H784BBB3A8,Out of city
H8E7D1207C,Out of city
HBEE0237F3,In the city
HDB843D177,Out of city
H5964F4EA5,In the city
HB1D38BB94,In the city
HAD6A96D0F,Out of province
HD86682407,In the city
HD04AC10F3,Out of city
H95609F0A9,In the city
H0E1836466,In the city
H8561D653A,In the city
H579F056D3,Out of province
H8C45534BF,Out of province
H0EEBE2B4B,Out of province
H11E789333,In the city
H847DA637B,Out of city
H50A4D3AB3,In the city
H7E6E7AA04,In the city
H482ED23BF,Out of city
H9BEDDEA84,In the city
H7C9FE2675,Out of city
H9E8847F62,In the city
HA14CD2074,In the city
H0F421A82B,Out of province
HC773ACE5B,Out of city
H4944FF2D4,Out of city
HBCE466911,Out of city
H2D96C2E18,Out of province
H8DDF53560,Out of city
HA44072BA3,Out of city
HD8A65619D,In the city
H57ABB0D7D,Out of city
H8F4F2726F,In the city
H5E872511B,Out of province
H8979193CA,In the city
HFB63E093A,In the city
H80CF7902A,In the city
H713D15616,Out of province
H1915A09B6,In the city
H7EDA15E61,Out of province
HFB29465BD,Out of province
H719194704,Out of city
HB989DE517,Out of city
H267E67BB7,Out of city
H3FCBC9620,Out of city
H6E02B4654,Out of city
HD8BFA6AD5,Out of city
H709E019E2,Out of city
HDAEF6483C,In the city
H91227F0AC,Out of city
H216C7F6D3,In the city
HB643E562C,In the city
H65509DC70,Out of city
H760EF20F7,In the city
HD6F35C28E,Out of city
HAD501DD11,In the city
HEFCFA175A,Out of province
H495A071D1,Out of province
HC17AC48E0,Out of city
H58AD5FF3F,Out of city
HAE788BA3D,Out of city
H432B38649,Out of city
HDA1741EB8,Out of city
H9B1156422,Out of city
H8D95C74D1,In the city
H174F2AD85,In the city
HA24FC7B6F,In the city
HBC294E94A,Out of city
HA17ABEC3B,In the city
H9F8D01C6C,In the city
HD37DF01AC,Out of city
H39018E15F,In the city
HD491A0FAD,Out of city
HCF25820E2,Out of city
HBBFAB9401,Out of city
HEE2747042,In the city
H740B47505,Out of city
HE25142A97,Out of city
H9B3C85FB5,Out of city
H73DB4CEE0,Out of city
H073B831DF,Out of city
H2857E980B,Out of city
H96D9A0F48,Out of city
H1CC67E84C,In the city
H29532BC7F,Out of province
HDA98E2731,Out of city
HE596FCA24,In the city
H5A950B013,Out of city
H414DD0DAE,In the city
H51869B5F0,Out of province
HB8F12762C,Out of province
H9AC516370,In the city
HBDAD11418,In the city
H1515251EB,Out of city
HA3AD52EA1,In the city
H9AB5968DD,Out of province
H2ED1C0616,Out of city
HC9313F765,Out of city
H5FE19C495,In the city
H89DEFBD0F,Out of province
HD608E9F2B,Out of city
H3C3EAA3AF,In the city
HFF82C7AC1,In the city
HD8847AB1A,In the city
H0F775C686,In the city
H05A8A86F7,Out of province
H48416B2AE,In the city
H573FB3613,In the city
H8DAA9D48E,In the city
H7EB1CFBC6,Out of city
H6B677082C,Out of city
HDCB4FB126,Out of province
H529ED1D8F,In the city
H3B0083EB3,In the city
H89357144D,Out of city
H84741768F,Out of province
HE9DAF08D3,Out of province
HE08EC64F7,In the city
H87D70A07F,Out of province
H39C89483F,Out of city
H12F4F5DE8,In the city
HFF13DEEB0,Out of city
HD8C55A7BA,Out of province
HF2E922466,Out of city
H74548600D,In the city
HE4252D016,Out of city
HFC8FC6989,In the city
H1F71D3575,Out of city
H279C5E3D6,Out of province
H3C3F9E9FE,In the city
H2C4075651,In the city
HBEA9E4AA7,In the city
HE7EFC3E1A,In the city
H0ABBBE215,Out of city
H75D6CB51A,Out of province
H1A7D18493,In the city
HC09A8D339,In the city
H11E506472,In the city
H3BD3C5E79,Out of city
HDAE448100,Out of province
HAD16CBE15,Out of city
HD31D448E5,In the city
H72F1112E8,Out of city
H7540EE6E4,Out of city
H0CD3F63DF,Out of province
H35170E58D,Out of province
H2953C6566,Out of city
H8EE22F3AB,Out of city
HD2AB970ED,In the city
H419661EF2,In the city
H0BCF90D9C,Out of city
H97F8F1CBC,In the city
H4B557120B,Out of city
HBF05087E3,Out of city
HEE8CCBE72,Out of city
H586CCC314,In the city
H993C5BE5B,Out of city
H8B861640D,Out of province
H0DCFB650D,Out of city
HE6691D0E4,Out of province
H453EC1EB0,In the city
H4B33DB6F4,Out of city
HF8D014648,Out of city
H3164C49A0,Out of city
HA75EE1808,Out of city
H51716819E,Out of province
HDF0FB2D99,Out of city
H2B0579485,Out of province
HA7F4DE4AF,Out of city
HFC8B64434,Out of city
HD6BBF0590,Out of city
H19063D3CF,Out of city
H77924C92A,In the city
H5EF3FE5E1,Out of province
H10AE6C42F,Out of province
H3AB97ADC3,Out of city
H4C0F2EB1E,Out of city
H92AA9E09B,Out of city
HBCD4C4660,In the city
H1976616F1,In the city
H937D33875,Out of city
H2A4926F07,Out of city
H96EE234D3,In the city
HCCB28088B,In the city
H1C49FD4DC,In the city
HFD20FB56B,In the city
HC708AF4A1,Out of province
H176D12DC3,In the city
H0FD8B9D63,Out of province
H1A2F7601F,In the city
H818F071FB,Out of city
H254F4A6A8,Out of city
H773227319,In the city
H927C15944,Out of city
HCD26731A9,Out of city
H78F354F1C,In the city
HFFE6CD3E2,In the city
H82D53EDC8,In the city
HF78E1FFC5,In the city
H0DA4533DF,In the city
H3F42C6BD5,In the city
H1E11AA500,In the city
HE8598627F,In the city
H5B2E5FF7E,Out of province
H7E84A5781,Out of city
HEFBBDCE09,In the city
H51A634ADC,In the city
HDE4A5C764,In the city
HDC89B2070,Out of city
H5015300B8,Out of city
H9E352A754,Out of city
H5E502A865,In the city
H4DB2A01A7,In the city
HED238E0F4,Out of city
H0D0BC4757,Out of city
H15D483C81,Out of city
H94294D237,Out of city
HAAA09DA4A,In the city
H68B292408,In the city
H8B514FA1C,Out of city
HBD1F07F1F,Out of city
HC4CFB6B7D,Out of city
H1AAA412A9,In the city
HFF8DA35B5,In the city
H0C26C17FB,In the city
HD4C305CE1,Out of city
H94A29D9F5,In the city
H84A14F6FE,Out of city
HCC032A544,Out of city
H63A9B2F38,In the city
HF5451BEF4,In the city
HF28C51698,Out of city
HF8E31EFA5,In the city
HF19648DAF,Out of city
H17C01E583,Out of city
H059D832FE,Out of city
HF8A0447FE,Out of province
H6C4899F86,Out of city
H9C4EC4311,Out of city
H59D8BE527,In the city
H12C1DA63F,Out of province
H0D47541C7,Out of province
H33FD1D41D,In the city
HEA2B98CCD,Out of city
H63FE80004,Out of province
H5A8890A68,Out of province
HB373D5A6E,Out of province
HC69525CDF,Out of province
H898F2169B,Out of province
HDA1C12A27,In the city
H20D7F835C,Out of city
HD6595D2F2,Out of city
H634BAD067,Out of city
HAED5AD635,In the city
H86854F053,Out of city
H071D94804,Out of province
H63AB72624,In the city
H12EE848EF,Out of city
H347EE88BF,In the city
H6C276FEE2,Out of province
HD06B23727,Out of city
H03B5B80DB,Out of province
HEB64F8F4B,Out of province
H3FC02052B,Out of city
HB8633510E,Out of city
H93453A443,Out of city
H63EC499D2,Out of province
H1B8F6E33C,Out of city
HF59033E9A,Out of city
H049E49A2F,In the city
HFFBDA294A,Out of city
H7D5FDD975,Out of city
HC87A6F4B4,In the city
HAE7466039,Out of city
H28465CE15,Out of province
HB9AB0E8C2,Out of province
HC226DAC1E,In the city
H5C2349F4B,In the city
HA28BCF8CA,In the city
H48032F4DF,Out of city
H9D35EFBC0,In the city
H5903ED416,Out of city
H2466B8625,In the city
HD6EDD6F40,Out of city
H86CA416FB,Out of city
HDE065F155,Out of city
H07FD41E4F,Out of province
HAF4050E22,Out of city
HAA2D4212D,In the city
H8BA778C6D,In the city
HC849E6FA3,In the city
H3F5834ED7,In the city
HA1415B233,Out of city
H251D6B0E7,In the city
HA83ACA8A9,Out of city
H72659381A,Out of city
H273DF3548,In the city
H0C2B7E4E5,Out of province
H818C363E3,In the city
H9C47249FC,Out of province
HBB54A6E5C,Out of province
HFEAD80CD5,In the city
H073B395BC,Out of city
HFC4D632C7,Out of province
HA1E1B5774,In the city
HEB776FB6D,In the city
HE2C0B3F92,Out of city
HC63A25B40,Out of province
HA8C951871,Out of city
H7048EB1F9,Out of city
H5F8FD2EB8,In the city
H0CE0A5306,Out of city
H9201DEC56,Out of province
HC6D4CCCB2,In the city
H2EBC6CC65,Out of province
HAD59D2893,In the city
H690956735,In the city
H76389E0C3,Out of city
H8CE66FFF2,Out of city
H4AD47C4FC,Out of province
HB290D7E88,Out of city
H8EF18512F,In the city
H86AF37CA0,In the city
H38647B504,Out of province
HA6F14FAF6,In the city
H75F726DD8,Out of province
H91262B497,Out of city
HB72782177,In the city
HD646A1018,Out of province
HCCA2BDFFE,Out of city
H644F936F0,In the city
H7B2CB969C,In the city
H93A880E4B,Out of province
H9E0C3EEBC,Out of city
H63614CA82,Out of city
HA2F18529D,Out of city
H6AFBE221D,Out of city
H81203B007,Out of city
H9D5CC3B83,Out of province
HBB8CAE5C6,In the city
HE70BF3688,In the city
H1FF757510,In the city
HCF1E57892,In the city
H8AC86B3C6,Out of city
H7CF637EDA,Out of city
H9C28B4EA7,Out of city
HA7B410684,Out of city
H18D69506E,In the city
H13C7E626F,In the city
H55BDC18DD,In the city
H388018E3F,Out of city
HE07556DA1,In the city
H0B6E874FB,Out of city
H50FF84DFF,In the city
H4BB74EB39,In the city
HAA33AD2D0,In the city
H9BC911E02,In the city
HE4DF4ABE5,Out of city
H1AF81F2D6,In the city
HD016CC33C,In the city
H57C9F3BC3,Out of city
H3A8C821EA,In the city
H8B1118F1E,Out of province
H372836D2F,In the city
H6E3856443,Out of city
HC1965D3E9,Out of province
H2229A0241,In the city
H30D0A1C73,In the city
HD8093BC7E,Out of province
HDBD934ABD,Out of city
HF2690ECD2,Out of city
H610B84AFE,Out of city
H00CB524B8,Out of city
H05C951FB2,Out of city
H2D427CA79,Out of province
H3FF2AFF22,Out of city
H5194D6C13,In the city
HA4E9474AC,Out of province
H4345E60A8,Out of province
HDDA02CC1F,Out of city
HA3085464F,Out of city
H624D51F1B,Out of province
H3F20B4DD6,In the city
H2F294C2CD,Out of province
H153E7A93C,Out of city
HBE9B19443,Out of city
H7977A1D69,Out of city
H1EDF99D5E,Out of city
H072E450D7,In the city
HDE5860C52,Out of province
H3DFAAC37D,In the city
H1D4A54E5A,In the city
H5ED94FE20,In the city
H3C2266FCE,Out of city
H94BAC794A,In the city
H6C6DDF5C5,Out of city
H4FCCEE90D,Out of province
HFB1946195,In the city
H192A3AF7A,Out of city
H409CC6850,In the city
HA66572EC8,Out of city
H609F23801,Out of province
H31B4721E7,Out of city
H810A75DA3,Out of province
HC305E3718,Out of province
HDB2EBFC05,In the city
HCBF0CF1CC,Out of city
HA060CEAE0,In the city
HFA9262FA2,In the city
H92E863957,In the city
HFD28E64A1,In the city
H6990D3FCC,In the city
HACB4E207F,In the city
HE9D2A0349,Out of city
HB8BCE2B46,In the city
HCE251B484,Out of province
HB7ED689C6,In the city
H0E792D284,Out of city
H0216F06FB,In the city
HF0AD50BFC,In the city
H7BE9C53F4,In the city
H23A662ED3,Out of city
H22267D01E,Out of city
H9AD9670F7,In the city
HDFC41E84A,In the city
HB5F7D69C0,In the city
HA34C4E5AB,Out of city
H4FBAD76E5,Out of city
H7B4E377AE,Out of city
H42482D97D,In the city
H77A251CB4,In the city
H8746D7D99,Out of city
H653CEA3F6,Out of city
HA4BDC4394,In the city
HB08999DB3,Out of city
H3D2E45C8D,Out of province
HE4025246D,In the city
H8A776DC50,Out of province
H700DF1B9C,In the city
HDF7D720A0,Out of city
HF64BC3DBC,In the city
HCD1937CF9,Out of city
H057001EC7,In the city
HE0DA03138,Out of city
H5235C7B7D,Out of province
H0FCDA0513,Out of city
H0C6B5B63D,In the city
H36DB5BB04,In the city
H86A61D4D6,Out of city
HCD0B3D56F,Out of province
HC80183F02,In the city
HB3F6EB86F,Out of city
H11F19D1A5,Out of city
H654157E1E,Out of city
HAC5FB5169,Out of province
H404F11318,Out of city
H43207AD85,Out of city
HF146B44C6,Out of city
H29AE37195,Out of province
H21FC6C045,Out of province
HBA4E5A0A8,Out of city
H7AEBE6F30,In the city
HF264CFA60,Out of city
H20F1DC8D8,In the city
HF049EB293,Out of province
H3B3BBC24F,In the city
HDFFC894AD,Out of province
HB69EF2ACC,In the city
H241EA7F3F,In the city
H6B758E4B9,In the city
HE65DFA9AC,In the city
H863BB6446,Out of province
H25FF3FC74,Out of city
H94D9D55E1,Out of province
H37AE44E28,Out of province
H9432AB5B3,Out of city
H189DF16AE,In the city
H1F256E984,Out of province
HABC2DDFFF,Out of province
H55D16510F,In the city
HA735121F7,In the city
HA7F6E5722,In the city
HAD37A19C3,In the city
H04F3EC87A,Out of province
H9DE5915F0,In the city
HBF3583D0E,In the city
H6B40ED6FF,Out of province
H00A1197B9,In the city
H10F024A3B,Out of province
HAF16A8FEE,Out of city
H662EFAF44,Out of city
H835316E7F,In the city
H04ED08434,Out of province
H40B568288,In the city
H2C568E21B,Out of city
H6F81964DE,Out of province
HB928D7AFF,Out of city
H29911D9F7,In the city
H878B6BF97,Out of city
H83416E8B8,In the city
H5621B9A06,Out of city
H046316594,In the city
HE9089E72F,In the city
HE330CE02F,Out of city
HF417E5582,Out of city
HE69A8A3E7,Out of province
H334BBC9AF,Out of city
H0E91C08B4,In the city
H5DC4625F5,Out of city
HAA97B6292,In the city
H7376D201B,Out of province
HCC2757ECB,Out of city
H2B79A1E51,Out of city
HA4C880C13,In the city
HA6DA32292,Out of city
H37C3E0C5E,In the city
H0B8EC31DA,Out of province
H84C9A99C4,Out of city
H0DC2670B4,In the city
H9D1CC2F93,Out of city
H9CC670D9A,Out of city
H48FA81091,Out of city
H504A8D217,Out of province
H050D2F957,In the city
H3CAC8723F,Out of city
HE10BEEB38,Out of city
H026CCC12A,In the city
H6AC85D1FA,In the city
H5DB8E52C4,In the city
HA18BDDC46,In the city
H626B98F60,In the city
HB0B6B2CEC,Out of city
H7E05FB03A,Out of city
HAE10A01CE,Out of city
HDA03833AE,Out of province
HE3A15BAC3,Out of city
HFEE5377D2,Out of city
H3D8E6EEBA,In the city
HE581960CC,Out of city
H98F8EBB25,In the city
HBA1C1DD23,Out of city
H84ED786E9,In the city
HA7D2DE3EE,In the city
H42B2EBD0B,In the city
H5290B12E9,Out of city
H270CABCB8,Out of city
HC7CEE64BA,Out of city
HB0011F93E,In the city
H643ED439B,Out of province
H0BBE3B89D,Out of city
H3FAF19F7F,In the city
H1EF9FAA1E,In the city
H9EBC5BFAF,Out of city
H96A97AD5C,In the city
H306A0744B,Out of city
H715E1EA39,In the city
H43C9D838E,In the city
H2BC212D98,Out of city
H9CE137A95,In the city
H76238F5FB,In the city
H641762C9B,Out of city
H11E6DC34B,In the city
H717C55603,Out of province
HF5B60E004,In the city
HCB76955AB,Out of city
H1ABF38EC4,In the city
HE7D52DC28,Out of province
H0D21591B2,Out of province
H65B96297D,In the city
HF3CC32FF4,In the city
H9AFBAB3A5,In the city
HB1EBEE203,In the city
HB6E4C3EAC,In the city
H1A809CE21,Out of city
H4D80DCC41,In the city
H289E870A8,Out of city
HAE854D2E0,Out of city
HA386C704D,In the city
HAD9B24EC1,In the city
H0CAC32617,Out of city
H4FD64CA29,In the city
H2387BADF2,In the city
HC4D3A633D,Out of city
H834774031,In the city
H3D034F548,Out of city
H01EDA98AD,Out of province
HEE3C21265,In the city
H007AED00D,Out of city
H16FDA8F21,In the city
H18EF269E5,Out of city
H8B52EE397,Out of city
H7CA9D52C5,Out of city
H8BF30AB75,Out of city
HC28B080A7,Out of city
H2CA756001,In the city
H6DCE8A2B8,In the city
H6763F2221,Out of province
HDC63653AF,In the city
HBCEC24D56,In the city
H448B68205,In the city
H9ABA0CC7E,Out of city
H83AF48A24,In the city
HFEC750153,Out of city
H90AE6E75B,In the city
H00FB8B233,In the city
H4BA3D5AD9,In the city
H1929DC540,In the city
HD6F31CF5D,Out of city
H895CA8386,Out of city
H7B8467091,Out of province
HAA0BC2C28,Out of city
HFA2C2D85B,In the city
H79AB7E427,In the city
H1618DDC78,In the city
H6C3829349,Out of city
HBDC2EDEF9,Out of province
HC54F47E63,Out of province
HFD3A7A3A4,In the city
HC963C1706,In the city
H9D2C9457F,In the city
H266444A0D,Out of province
HF8D7EE823,Out of city
HF4CEEE235,In the city
HB66E1C67B,In the city
H1489B2798,Out of city
H3CB0C58D0,In the city
HAFB82ABE1,Out of city
HD077CD775,Out of city
H958E1C257,In the city
H5A849F024,Out of city
HAA052B7CD,Out of city
H284BCE4EF,Out of city
HF1A4D5D74,Out of city
H354CE558C,Out of city
H0A51AE08B,Out of city
HCDA8B65E2,Out of city
H45D8AB994,Out of city
HFD13D6DE4,Out of city
H4FACEBD9B,In the city
H8CE2FB124,In the city
H96B5370D1,Out of province
HC18ADEF15,Out of city
H8FDDFCFFF,In the city
HEB17F592D,Out of city
H7CAFA9EE0,Out of city
H5C6BD0BC4,Out of province
H70184D494,Out of city
HF5743030C,Out of city
HF27F7580A,In the city
HA2DAB1C7B,Out of city
H2DE5BBAA4,Out of city
H2DDF9A53B,Out of province
HE4ED27BD3,In the city
H17D2EFE92,In the city
H83D86A095,In the city
H9A172C79E,Out of city
H5DEDC87E6,Out of city
H037A9EF51,In the city
H82C712A7C,Out of city
HCEBE1E665,Out of city
H0E0E58750,Out of city
HDF36A5CAE,In the city
H6F7976AFE,In the city
HD8D555227,In the city
HA345800DB,Out of city
HB7F06B340,Out of city
H87BB64318,Out of city
H6DD2436C7,In the city
H84CE9B10F,Out of city
H55C2A6584,In the city
H7402EAF27,In the city
H0E011F737,Out of province
HEB3E854E0,Out of city
H30278160A,Out of province
H0198436E6,In the city
HED4728548,In the city
H010306E35,In the city
H7CA11C79F,In the city
H48A091C1E,Out of city
H07E2EFA42,In the city
H45211A26F,In the city
H7278B15EC,In the city
H7CD09A84C,In the city
H35F321E89,In the city
HAF9E1D6EC,In the city
HBFE3D0E42,In the city
H90234E2EB,Out of province
HD82486ED4,In the city
HDF6A68044,In the city
H2CBC3FE82,Out of province
H77FD8098D,Out of city
HF7685B66B,Out of city
HB3FC079EB,In the city
HCC155E1E7,In the city
H6B3EE6BCC,Out of province
H36E8F0FF9,In the city
H4266285A2,In the city
H9DA1EA710,Out of city
H0528133A7,Out of city
HD00B209E0,In the city
H639506F62,In the city
H6F57D54D6,In the city
HD78C816A4,In the city
HBEE47EDAB,In the city
H8CFCF1F40,In the city
HC369FC835,Out of city
H693D5518A,Out of city
H2C7B0B99C,In the city
H83B2D7D7A,In the city
H57E22ECEF,Out of city
H606AFDF37,Out of province
H5FE4C73CB,In the city
H5AAB0101E,Out of city
HE9C3F22DC,Out of province
H45E57BB9B,Out of city
H82DF7ADD4,In the city
HCC4ACE604,Out of province
H1CF4C374B,Out of city
H36EF56511,In the city
H3B055B9EA,In the city
HD8ECC57D3,Out of province
HE6A0303C5,Out of province
H9B18D2559,In the city
H4A309B590,Out of province
HD834CEA63,Out of province
H5EAB1D786,In the city
H824CCDE42,Out of city
HB97CD550A,Out of city
HBC61A4ABD,In the city
HDF668E33D,In the city
H9758577EA,Out of province
HA1FDE957B,Out of city
HE95DE469C,In the city
H9EA5B8D6E,In the city
HA86E6B39A,In the city
HD32612099,Out of city
H93ACB3451,Out of city
H190EF0EA9,In the city
H7CC2D68FF,Out of city
H1107C6B73,In the city
H165661F50,Out of city
HEFBE7ABD1,In the city
H3D306D225,In the city
H6AD25B6D8,In the city
H5C2B82B09,In the city
H7B65A721C,In the city
H2F6EED744,In the city
HFF91F34CC,In the city
H81E478375,Out of city
H6EC2BFE1F,Out of city
HFA30F6A19,Out of city
H99B4F43AA,In the city
HD6C6F04AA,In the city
H403D6B785,Out of city
H63C82E141,Out of province
H6E0A43AE7,Out of city
H673F58FD8,Out of city
HC4C035F85,Out of city
H24797A761,Out of city
HE4C4A6453,Out of province
H11FAD4673,Out of city
HE2077088B,In the city
H5ADA63221,Out of city
H39893AFEC,In the city
H81490B8C1,In the city
H1ABF20FD5,In the city
H8C75DE1FF,Out of province
H8F972F1CE,In the city
HF46105F3E,Out of city
H4843B9C90,In the city
HF0AFF7CD8,Out of city
H03ACDBAE0,In the city
HC655629B0,Out of city
H969674963,In the city
H0F0205EF0,In the city
HE4BB48DC6,Out of city
HC793969A1,In the city
H22CADA16E,In the city
H243DC5A40,Out of city
H9FF07B597,In the city
H2C65801E9,Out of province
H0C88AC033,In the city
H569801B1E,In the city
HA2333ED71,Out of province
HCA1B996FD,In the city
H79579E6D4,In the city
HCEE28C71F,Out of city
H475D4C495,In the city
H6FA032AF5,Out of city
H4E4ACE4C4,Out of city
HD8D1DBCF0,Out of city
HF87440C1E,In the city
H95A206C8D,In the city
H20CF9779A,Out of city
H7D682A90D,Out of city
H0E2F3F62B,In the city
HD745E4EA6,Out of city
H955F51699,In the city
HB56544268,Out of city
HE8C446B65,In the city
H8289BA59A,Out of province
HF3EF8CBE2,In the city
HB33386FB8,Out of city
H64B562328,In the city
H50C3A95A1,Out of city
H1BA1A1BC1,In the city
HE15366414,Out of province
H70FEE0242,In the city
HFA439C229,Out of city
H28956E219,Out of city
H4C5A25BC1,In the city
H579452552,Out of city
H5E2BE153B,Out of city
H5281813C5,In the city
H7871AC2A5,In the city
H371529557,In the city
H837BB764D,Out of city
H08861D896,In the city
H236473101,Out of city
HA2457C5F1,In the city
H45C444A77,In the city
H29D007AAE,Out of province
H6CCDE8A2E,In the city
H1CD6806E7,Out of province
H4AB300C9C,In the city
H64C3A8DFD,In the city
H27FE28752,Out of city
H554E058A1,Out of city
H01819C68A,Out of province
HCEA6DC53B,In the city
H8E0B8755D,In the city
H8203EFB2B,Out of city
HE32E71133,Out of city
H552CEBED0,Out of city
HA91A816B8,In the city
H852D42C6A,In the city
HD1C4443AF,In the city
H0D9812122,Out of city
H0BCE9561A,Out of city
HD65936CB1,In the city
H25A310C39,Out of province
H2D225A08C,In the city
H626CD30FF,Out of city
H208881AAC,In the city
H13BE163C6,Out of province
HC78394579,Out of province
H310B33359,Out of province
H6423C5E0D,In the city
H76E865A5E,Out of province
HF39625794,Out of province
HA89E3C7F9,Out of city
HFD5639622,In the city
HBA885A8DE,Out of province
H08DF916ED,In the city
H293D498AB,Out of province
H82E606528,Out of city
H396322BC4,In the city
H3F6DDFDF7,In the city
H8DE198497,In the city
HDCEE3E9B8,Out of city
H04A59A6B3,Out of city
H3D5433F1F,Out of province
HDC92A447B,Out of city
H057E23799,Out of city
HF6834F7D8,Out of city
HFA1605D9E,In the city
H04502DADB,In the city
H0F944B99F,Out of province
H48A1CABAB,Out of city
HC121A8EB5,Out of city
H87D1E4109,In the city
HF5C2C9C43,In the city
HB5B81BB3F,In the city
H9533311EA,In the city
H5DD18C87D,In the city
H680D155EF,Out of city
H791B5F952,In the city
H4C479E87D,In the city
H4D4B8013D,In the city
H07D566A26,Out of city
H19800916A,In the city
H037C13E51,In the city
HF6C196F0A,In the city
H59FB2B4CB,In the city
HDEFEA676E,Out of city
H00DA96E2A,In the city
HEC49DA2E8,In the city
H15FBB5EC0,In the city
H8C19BB7EE,Out of city
HA19B959C2,In the city
HE283920DB,In the city
H1C41F54FD,In the city
HEE1B70A73,In the city
H620D8E517,Out of city
HCE965732F,In the city
HB9EC92039,Out of province
H373E593E1,In the city
H2F2AB14D0,In the city
H73C9580F0,In the city
HCEB1FD30D,Out of city
H89F5E0238,Out of province
HECBA7D463,In the city
H2FA9699B7,In the city
HB8000D2F9,In the city
H341692DA1,Out of city
H81C61038C,Out of city
H91ADA6389,Out of city
H3C795CD65,In the city
H370DD4B95,In the city
HE6DAD5E5B,Out of city
H75C7553BE,In the city
H7CAD68410,In the city
H240C06CF4,Out of province
H77797A15E,In the city
H3FEBA9909,Out of city
HFB42B5A56,Out of province
HEAE28BB45,In the city
H24FD15DD3,In the city
H7C9DA29C4,In the city
HB76570BBB,In the city
H4AB226593,Out of city
H7E7B861D6,Out of province
H44C1EC842,Out of city
H53A209357,In the city
HEF0F627BB,Out of city
H33C3BD36F,In the city
HC030C76FE,In the city
H31B9CC58B,Out of city
H70AA1DE11,Out of city
H2BEA42AED,Out of city
H68437A10C,In the city
H890FC08F2,Out of province
HBF11B62B6,Out of city
H4E45F0C7B,In the city
H3E5765719,In the city
H019BB3DBB,Out of city
HC80429231,Out of city
HB656FD52E,In the city
H52F22A288,In the city
HE62B8AB37,In the city
H76731F423,Out of city
H9C62E355F,Out of city
H2A06A111D,In the city
H3D217B96A,In the city
H6E8948B35,Out of city
HA1098F058,Out of city
H68B330741,In the city
H89123977C,In the city
H4136E22D4,Out of city
H017514BB9,Out of city
H3178151BC,In the city
HC42948F2B,Out of city
H7891936B7,In the city
H1D60C32A2,In the city
H1A817BAC1,In the city
H50A1B2787,In the city
HCD4FC5849,Out of province
H53A855CE0,Out of city
H051F5DC07,In the city
H5ED5550D5,Out of city
HD95182F7B,Out of province
HD7554AEE2,Out of province
H413808063,Out of province
H320F8BC5F,In the city
HB4735D6C4,In the city
H502B2D83E,Out of city
HBC3DF2C18,In the city
H9613FF0E5,Out of city
HD7AB1E41D,In the city